prompt_id,prompt,base_output,qv_r16_output,best_rank_output,winner,score_format,score_helpfulness,score_vietnamese_quality,comment
P1,"Giải thích khái niệm overfitting trong machine learning cho học sinh lớp 10 bằng tiếng Việt dễ hiểu, kèm một ví dụ ngắn.","Overfitting là hiện tượng mô hình học tập quá nhiều đặc điểm của dữ liệu huấn luyện, dẫn đến mô hình không thể học tập được những đặc điểm mới trong dữ liệu chưa được huấn luyện. Ví dụ, nếu chúng ta xây dựng một mô hình học tập các bức ảnh của con người, nhưng chỉ sử dụng các bức ảnh của con người có màu trắng, thì mô hình sẽ học tập được đặc điểm màu trắng, nhưng không thể học tập được các đặc điểm màu khác. Do đó, mô hình sẽ không thể dự đoán được các bức ảnh có màu khác. Đây là một ví dụ về overfitting trong machine learning.","Overfitting là một vấn đề phổ biến trong machine learning, đặc biệt là khi sử dụng các mô hình phức tạp như hồi quy tuyến tính hoặc mạng thần kinh. Nó xảy ra khi mô hình học được dữ liệu đào tạo quá nhiều và quá phức tạp, dẫn đến mô hình có thể học được các đặc điểm không quan trọng trong dữ liệu và không thể dự đoán được các mẫu mới. Ví dụ, nếu bạn đang cố gắng dự đoán giá bán của một căn nhà dựa trên giá trị của nó, một mô hình có thể học được rằng giá bán của căn nhà cao hơn khi nó có nhiều phòng hơn. Tuy nhiên, khi bạn sử dụng mô hình này để dự đoán giá bán của một căn nhà mới, nó sẽ không thể dự đoán được giá bán của căn nhà mới nếu nó không có nhiều phòng. Điều này là do mô hình đã học được các đặc điểm không quan trọng trong dữ liệu đào tạo, chẳng hạn như số phòng, và không thể dự đoán được các mẫu mới. Để tránh overfitting, các nhà phát triển mô hình thường sử dụng các kỹ","Overfitting là một vấn đề phổ biến trong machine learning, đặc biệt là khi sử dụng các mô hình phức tạp. Nó xảy ra khi mô hình học được quá nhiều dữ liệu, dẫn đến mô hình trở nên quá đặc biệt với dữ liệu mà nó được đào tạo trên, khiến nó không thể học được những mẫu mới mà không bị lỗi. Ví dụ: Imagine bạn đang cố gắng dự đoán giá bất động sản dựa trên giá trị của một căn nhà. Nếu bạn sử dụng mô hình học được quá nhiều dữ liệu về giá bất động sản trong quá khứ, mô hình có thể học được những đặc điểm đặc biệt của dữ liệu đó, chẳng hạn như giá trị của căn nhà gần đó hoặc vị trí của nó. Khi bạn sử dụng mô hình này để dự đoán giá bất động sản của một căn nhà mới, mô hình có thể bị lỗi vì nó không có đủ dữ liệu để học được những đặc điểm đặc biệt của căn nhà đó. Do đó, mô hình không thể dự đoán giá bất động sản chính xác của căn nhà đó. Để tránh overfitting,",base,4,5,5,"base trả lời ngắn gọn, dễ hiểu nhất cho học sinh lớp 10."
P2,Viết hàm Python is_prime(n) kiểm tra số nguyên tố. Trả lời bằng code có type hints và 3 test case đơn giản.,"```python
def is_prime(n: int) -> bool:
    """"""
    Kiểm tra số nguyên tố.

    Args:
    n (int): Số nguyên tố cần kiểm tra.

    Returns:
    bool: Kết quả kiểm tra số nguyên tố.
    """"""
    if n <= 1:
        return False
    if n == 2:
        return True
    if n % 2 == 0:
        return False
    max_divisor = int(n**0.5) + 1
    for d in range(3, max_divisor, 2):
        if n % d == 0:
            return False
    return True


# Test case 1:
print(is_prime(11))  # True

# Test case 2:
print(is_prime(15))  # False

# Test case 3:
print(is_prime(23))  # True
```
### Lời giải:
Để viết hàm kiểm tra số nguyên tố, ta cần thực hiện các bước sau:

1.  Kiểm tra số nguyên tố là số tự","```python
def is_prime(n: int) -> bool:
    """"""Kiểm tra số nguyên tố.""""""
    if n <= 1:  # Số nguyên tố chỉ có thể là 2 hoặc 1
        return False
    for i in range(2, int(n ** 0.5) + 1):  # Kiểm tra các ước số từ 2 đến sqrt(n)
        if n % i == 0:  # Nếu n có ước số thì nó không phải là số nguyên tố
            return False
    return True  # Nếu không có ước số thì nó là số nguyên tố

# Test case 1: Số nguyên tố
print(is_prime(11))  # Expected output: True

# Test case 2: Số không nguyên tố
print(is_prime(15))  # Expected output: False

# Test case 3: Số nguyên tố
print(is_prime(23))  # Expected output: True
``` ### Response:
Hàm `is_prime(n)` kiểm tra xem số nguyên tố có thể được chia hết","```python
def is_prime(n: int) -> bool:
    if n <= 1:  # 1 và các số nguyên tố nhỏ hơn 1 không phải là nguyên tố
        return False
    for i in range(2, int(n ** 0.5) + 1):  # kiểm tra các ước số từ 2 đến sqrt(n)
        if n % i == 0:  # nếu n có ước số thì nó không phải là nguyên tố
            return False
    return True  # nếu không tìm thấy ước số thì n là nguyên tố
# Test case 1: 2 là nguyên tố
print(is_prime(2))  # Expected output: True

# Test case 2: 15 không phải là nguyên tố
print(is_prime(15))  # Expected output: False

# Test case 3: 17 là nguyên tố
print(is_prime(17))  # Expected output: True
``` ### Response:
Hàm `is_prime(n)` kiểm tra xem số nguyên tố hay không. Nó",base,3,5,4,"base có code đúng và tối ưu hơn: xử lý n <= 1, n == 2, bỏ qua số chẵn và chỉ kiểm tra ước lẻ đến căn bậc hai. Tuy nhiên format chưa hoàn hảo vì prompt yêu cầu trả lời bằng code nhưng model vẫn sinh thêm phần “### Lời giải” sau code."
P3,"Liệt kê đúng 5 bước chuẩn bị dataset cho fine-tuning LoRA. Mỗi bước chỉ một dòng, bắt đầu bằng số thứ tự.","1. Xây dựng dataset có độ dài tối thiểu 1000 mẫu.
2. Xử lý dữ liệu bằng cách chuyển đổi dữ liệu sang dạng số.
3. Xử lý dữ liệu bằng cách loại bỏ dữ liệu không có liên quan.
4. Xử lý dữ liệu bằng cách chuyển đổi dữ liệu sang dạng chuẩn.
5. Xử lý dữ liệu bằng cách tạo ra dữ liệu cân bằng.",1. Xác định mục tiêu của fine-tuning LoRA. 2. Tìm hiểu về dữ liệu mà bạn muốn fine-tune. 3. Xác định các đặc điểm quan trọng cần cải thiện. 4. Tạo một danh sách các thuật toán và các tham số cần thiết cho fine-tuning LoRA. 5. Xác định các kỹ thuật để xử lý dữ liệu và cải thiện chất lượng của dữ liệu.,1. Xác định mục tiêu của fine-tuning LoRA. 2. Tìm hiểu về dữ liệu. 3. Chọn mô hình. 4. Chuẩn bị dữ liệu. 5. Xác định các tham số. 6. Xác định các tham số. 7. Xác định các tham số. 8. Xác định các tham số. 9. Xác định các tham số. 10. Xác định các tham số. 11. Xác định các tham số. 12. Xác định các tham số. 13. Xác định các tham số. 14. Xác định các tham số. 15. Xác định các tham số. 16. Xác định các tham số. 17. Xác định các tham số. 18. Xác định các tham số. 19. Xác định các tham số. 20. Xác định các tham số. 21. Xác định các tham số. 22. Xác định các tham số,base,5,3,4,"base thắng vì là bản duy nhất tuân thủ đúng format: đúng 5 bước, mỗi bước một dòng, bắt đầu bằng số thứ tự. Tuy nhiên nội dung chưa thật chuẩn cho dataset fine-tuning LoRA; các bước còn chung chung và có vài ý chưa phù hợp như “chuyển đổi dữ liệu sang dạng số”. qv-r16 sai format vì viết 5 bước trên cùng một dòng; best-rank/qv-r32 fail nặng vì sinh quá 5 bước và bị lặp."
P4,Bạn là trợ giảng AI. Hãy giải thích ngắn gọn sự khác nhau giữa LoRA và QLoRA cho sinh viên năm nhất ngành AI.,"Sinh viên năm nhất ngành AI, hãy để tôi giải thích sự khác nhau giữa LoRA (Linear Regression on Time Series data) và QLoRA (Quadratic Regression on Time Series data).

LoRA và QLoRA đều là các phương pháp phân tích dữ liệu thời gian (Time Series Analysis) được sử dụng trong ngành AI. Tuy nhiên, chúng có sự khác biệt quan trọng về cách chúng xử lý dữ liệu.

LoRA sử dụng phương pháp phân tích tuyến tính (Linear Regression) để dự đoán giá trị tiếp theo của dữ liệu thời gian. Nó dựa trên giả định rằng dữ liệu thời gian có xu hướng tuyến tính, và nó sẽ tìm ra đường thẳng nhất có thể để mô tả xu hướng của dữ liệu.

QLoRA, mặt khác, sử dụng phương pháp phân tích đa tuyến tính (Quadratic Regression) để dự đoán giá trị tiếp theo của dữ liệu thời gian. Nó dựa trên giả định rằng dữ liệu thời gian có xu hướng đa tuyến tính, và nó sẽ tìm ra đường cong nhất có thể để mô tả xu hướng của dữ liệu.

T","LoRA và QLoRA là hai thuật ngữ liên quan đến việc học sâu và được sử dụng để mô tả các phương pháp học sâu khác nhau. LoRA là viết tắt của ""Làm việc với các mô hình lớn bằng cách sử dụng các mô hình nhỏ hơn"", trong đó mô hình nhỏ hơn được sử dụng để học các mô hình lớn. LoRA thường được sử dụng để mô tả các phương pháp như Transfer Learning, trong đó mô hình đã được đào tạo để học một nhiệm vụ cụ thể được sử dụng để học các nhiệm vụ khác. QLoRA là viết tắt của ""Quy trình học sâu bằng cách sử dụng các mô hình nhỏ hơn"", trong đó các mô hình nhỏ hơn được sử dụng để học các mô hình lớn. QLoRA thường được sử dụng để mô tả các phương pháp như Fine-tuning, trong đó mô hình đã được đào tạo để học một nhiệm vụ cụ thể được sử dụng để học các nhiệm vụ khác. Tóm lại, LoRA và QLoRA đều liên quan đến việc học sâu bằng cách sử dụng các mô hình","LoRA và QLoRA là hai thuật ngữ liên quan đến AI, nhưng chúng có ý nghĩa và mục đích khác nhau. LoRA là viết tắt của ""Large Language Model for Reasoning"", là một loại mô hình ngôn ngữ lớn được thiết kế để xử lý các vấn đề logic và lý luận. Nó được sử dụng để giải quyết các vấn đề logic, như phân tích dữ liệu, lập luận và đưa ra quyết định dựa trên dữ liệu. LoRA được sử dụng rộng rãi trong nhiều lĩnh vực, bao gồm nghiên cứu, kinh doanh và chính phủ. QLoRA là viết tắt của ""Quantum Language Model for Reasoning"", là một loại mô hình ngôn ngữ lớn được thiết kế để xử lý các vấn đề logic và lý luận bằng cách sử dụng các tính toán lượng tử. QLoRA được sử dụng để giải quyết các vấn đề logic phức tạp và có thể được ứng dụng trong nhiều lĩnh vực, bao gồm nghiên cứu, kinh doanh và chính phủ. Tóm lại, LoRA và QLoRA đều là mô hình ngôn ngữ lớn được thiết kế",qv-r16,3,1,4,qv-r16 là bản “ít sai nhất” vì ít nhất còn đặt LoRA/QLoRA trong ngữ cảnh học sâu/fine-tuning. Tuy nhiên cả 3 câu trả lời đều fail kiến thức nghiêm trọng: base hiểu sai LoRA/QLoRA thành Linear/Quadratic Regression; best-rank hiểu sai thành Large/Quantum Language Model for Reasoning; qv-r16 cũng giải thích sai bản chất và viết tắt. Nên đánh dấu prompt này là fail_all về factual correctness.
P5,Một người nói mô hình của họ đạt perplexity 0.1 trên mọi dữ liệu. Bạn có kết luận mô hình đó chắc chắn tốt không? Trả lời thận trọng và nêu cần kiểm tra gì thêm.,"Không chắc chắn. Mô hình có perplexity 0.1 trên mọi dữ liệu có thể đạt được kết quả tốt, nhưng cũng có thể không tốt. Có thể cần kiểm tra thêm các yếu tố như:

- **Dữ liệu**: Mô hình được đào tạo trên dữ liệu nào? Dữ liệu có đủ đa dạng và phong phú không? Nếu dữ liệu quá hạn chế, mô hình có thể không đạt được kết quả tốt.
- **Kích thước dữ liệu**: Mô hình có được đào tạo trên dữ liệu lớn không? Nếu dữ liệu quá nhỏ, mô hình có thể không đạt được kết quả tốt.
- **Cấu trúc dữ liệu**: Mô hình có được đào tạo trên dữ liệu có cấu trúc phức tạp không? Nếu dữ liệu có cấu trúc phức tạp, mô hình có thể không đạt được kết quả tốt.
- **Phương pháp đào tạo**: Mô hình được đào tạo bằng phương pháp nào? Nếu phương pháp đào tạo không phù hợp, mô hình có thể không đạt được kết quả tốt.
- **Hệ số**: M","Không có cách nào để chắc chắn mô hình đó tốt hay không mà chỉ dựa vào perplexity. Perplexity là một chỉ số được sử dụng để đánh giá độ khó của một mô hình ngôn ngữ, nhưng nó không phải là chỉ số duy nhất để đánh giá chất lượng của mô hình. Một số yếu tố khác cần được xem xét khi đánh giá mô hình bao gồm: 1. Độ chính xác của mô hình: Mô hình có độ chính xác cao hơn hay không? 2. Độ phức tạp của mô hình: Mô hình có quá phức tạp không? 3. Khả năng thích nghi của mô hình: Mô hình có thể thích nghi với dữ liệu mới không? 4. Khả năng giải thích của mô hình: Mô hình có thể giải thích dữ liệu như thế nào? 5. Khả năng dự đoán của mô hình: Mô hình có thể dự đoán dữ liệu mới không? Để đánh giá mô hình, cần phải xem xét các yếu tố này và có thể cần phải thêm các mô hình khác để so sánh và","Có thể nói rằng mô hình của người đó đạt được một mức độ tốt nhất có thể, nhưng không chắc chắn. Mô hình có thể đạt được một mức độ tốt nhất có thể, nhưng không có cách nào để xác định một mức độ tốt nhất hoàn hảo. Mô hình có thể đạt được một mức độ tốt nhất có thể, nhưng không có cách nào để xác định một mức độ tốt nhất hoàn hảo. Mô hình có thể đạt được một mức độ tốt nhất có thể, nhưng không có cách nào để xác định một mức độ tốt nhất hoàn hảo. Mô hình có thể đạt được một mức độ tốt nhất có thể, nhưng không có cách nào để xác định một mức độ tốt nhất hoàn hảo. Mô hình có thể đạt được một mức độ tốt nhất có thể, nhưng không có cách nào để xác định một mức độ tốt nhất hoàn hảo. Mô hình có thể đạt được một mức độ tốt nhất có thể, nhưng không có cách nào để xác định một mức độ tốt nhất hoàn hảo. Mô hình có thể đạt được một mức độ",qv-r16,3,4,5,"qv-r16 thắng vì trả lời đúng trọng tâm nhất: không thể kết luận mô hình tốt chỉ dựa vào perplexity, cần kiểm tra thêm bằng nhiều tiêu chí khác. base cũng đúng hướng nhưng các mục kiểm tra còn hơi chung và bị cắt. best-rank/qv-r32 fail nặng vì lặp câu liên tục, gần như không đưa được tiêu chí đánh giá hữu ích. Tuy nhiên qv-r16 vẫn chưa hoàn hảo: nên nhắc thêm data leakage, cách tính perplexity, tập train/test có tách riêng không, benchmark downstream, và chất lượng sinh thực tế."
